"amr","amr_name","year","erwerbstaetige_tsd","arbeitsstunden_mio","stunden_je_erwerbstaetigen","anzahl_kreisregionen"
1,"Husum",2013,87.8,127.4,1450.631269,1
1,"Husum",2014,88.1,127.6,1447.965957,1
1,"Husum",2015,88.8,128.4,1445.740931,1
1,"Husum",2016,90.7,131.3,1447.941141,1
2,"Heide",2013,58.6,81.8,1396.875534,1
2,"Heide",2014,59.1,82.7,1398.886576,1
2,"Heide",2015,59.1,82.4,1395.118153,1
2,"Heide",2016,60,83.7,1394.601714,1
3,"Itzehoe",2013,56.4,78.4,1389.568486,1
3,"Itzehoe",2014,56.2,78.5,1394.922576,1
3,"Itzehoe",2015,56,77.9,1391.135151,1
3,"Itzehoe",2016,56.1,78.3,1394.565702,1
4,"Flensburg",2013,138.2,190.5,1379.114675,2
4,"Flensburg",2014,139.5,192.5,1380.321075,2
4,"Flensburg",2015,141.7,195.2,1377.003725,2
4,"Flensburg",2016,142.7,196.4,1376.484194,2
5,"Lübeck",2013,213.2,296.7,1391.904824,2
5,"Lübeck",2014,213.6,299.7,1403.465231,2
5,"Lübeck",2015,215.7,301.9,1399.653249,2
5,"Lübeck",2016,218.6,305.5,1397.48598,2
6,"Kiel",2013,371.3,511.4,1377.434663,4
6,"Kiel",2014,375.6,519.4,1383.025575,4
6,"Kiel",2015,378.7,522.1,1378.51996,4
6,"Kiel",2016,385.3,531,1378.104262,4
7,"Ratzeburg",2013,68.1,94.5,1387.110981,1
7,"Ratzeburg",2014,68.1,94.8,1392.344638,1
7,"Ratzeburg",2015,68.6,95.6,1394.292464,1
7,"Ratzeburg",2016,69.5,96.8,1393.809387,1
8,"Hamburg",2013,1644.2,2362,1436.570668,5
8,"Hamburg",2014,1657.2,2388.8,1441.474837,5
8,"Hamburg",2015,1674.2,2408.6,1438.693958,5
8,"Hamburg",2016,1703.7,2453.4,1440.049,5
9,"Braunschweig",2013,239.9,328.2,1368.134983,3
9,"Braunschweig",2014,243.4,333.6,1370.673646,3
9,"Braunschweig",2015,244.7,336.1,1373.529472,3
9,"Braunschweig",2016,246.6,338.2,1371.829969,3
10,"Salzgitter",2013,56.8,81,1426.421405,1
10,"Salzgitter",2014,58,83.1,1432.215806,1
10,"Salzgitter",2015,58,83.1,1431.125965,1
10,"Salzgitter",2016,58.2,83.2,1430.418709,1
11,"Wolfsburg",2013,188.3,268.4,1425.407294,2
11,"Wolfsburg",2014,188.8,270.7,1434.002341,2
11,"Wolfsburg",2015,192,275.7,1435.564836,2
11,"Wolfsburg",2016,193.1,277.6,1437.339822,2
12,"Göttingen/Osterode",2013,171,233.1,1363.067046,1
12,"Göttingen/Osterode",2014,172.4,235.2,1364.086623,1
12,"Göttingen/Osterode",2015,173.7,237.3,1366.586054,1
12,"Göttingen/Osterode",2016,175,238.3,1361.924029,1
13,"Goslar",2013,62.1,85.1,1369.905351,1
13,"Goslar",2014,61.9,84.8,1369.717912,1
13,"Goslar",2015,62,85,1371.762808,1
13,"Goslar",2016,61.9,84.7,1369.312854,1
14,"Helmstedt",2013,30.3,41.1,1357.258411,1
14,"Helmstedt",2014,29.9,40.6,1359.83656,1
14,"Helmstedt",2015,30.3,41.3,1362.478133,1
14,"Helmstedt",2016,30.6,41.8,1364.333747,1
15,"Einbeck",2013,60.4,82.8,1369.596876,1
15,"Einbeck",2014,60.5,83.3,1377.609077,1
15,"Einbeck",2015,60.9,83.8,1375.677451,1
15,"Einbeck",2016,61.8,84.7,1371.784286,1
17,"Hannover",2013,647.7,908.5,1402.723183,1
17,"Hannover",2014,658.1,922.2,1401.261778,1
17,"Hannover",2015,663.3,930.7,1403.089252,1
17,"Hannover",2016,671.9,941.2,1400.672684,1
18,"Sulingen",2013,97.3,134.1,1377.278238,1
18,"Sulingen",2014,98.5,135.3,1373.269317,1
18,"Sulingen",2015,99,136.2,1376.326159,1
18,"Sulingen",2016,99.7,137.2,1375.176701,1
19,"Hameln",2013,69.4,95.1,1370.100405,1
19,"Hameln",2014,69.9,96.1,1374.488716,1
19,"Hameln",2015,70.1,96.5,1375.734581,1
19,"Hameln",2016,70.9,97.4,1373.898453,1
20,"Hildesheim",2013,123.1,166.8,1355.512582,1
20,"Hildesheim",2014,123.4,167.8,1359.414372,1
20,"Hildesheim",2015,123.6,168.3,1361.911159,1
20,"Hildesheim",2016,125.2,170.4,1360.689903,1
21,"Holzminden",2013,30,41,1364.280959,1
21,"Holzminden",2014,30.1,41.3,1372.336188,1
21,"Holzminden",2015,30.2,41.4,1369.690353,1
21,"Holzminden",2016,30.4,41.6,1366.154149,1
22,"Nienburg",2013,54.9,76.6,1394.393374,1
22,"Nienburg",2014,55.7,77.5,1392.061782,1
22,"Nienburg",2015,55.8,78,1397.727069,1
22,"Nienburg",2016,56.3,78.8,1398.885379,1
23,"Stadthagen",2013,62.7,84.8,1353.089493,1
23,"Stadthagen",2014,63.2,85.6,1355.241502,1
23,"Stadthagen",2015,64.1,88,1371.857651,1
23,"Stadthagen",2016,64.7,88.1,1361.426607,1
24,"Celle",2013,80.5,112.4,1396.53458,1
24,"Celle",2014,81.8,113.4,1386.256909,1
24,"Celle",2015,81.1,112.7,1390.394058,1
24,"Celle",2016,81.2,112.8,1388.52233,1
25,"Lüneburg",2013,80.7,111.5,1380.427513,1
25,"Lüneburg",2014,81.1,111.6,1376.655895,1
25,"Lüneburg",2015,81.6,112.6,1380.179981,1
25,"Lüneburg",2016,82.4,113.6,1379.75913,1
26,"Zeven",2013,80.8,112.2,1388.289581,1
26,"Zeven",2014,81,112.8,1393.081644,1
26,"Zeven",2015,81,113,1394.209766,1
26,"Zeven",2016,82.4,115,1396.160431,1
27,"Soltau",2013,70.5,97.8,1388.416616,1
27,"Soltau",2014,70.5,97.9,1389.801885,1
27,"Soltau",2015,70.8,98.5,1391.919763,1
27,"Soltau",2016,71.6,99.9,1396.123045,1
28,"Stade",2013,89.1,122.5,1375.308781,1
28,"Stade",2014,89,122.1,1371.719282,1
28,"Stade",2015,89.1,122.2,1372.125662,1
28,"Stade",2016,90.1,123.4,1370.141696,1
29,"Uelzen",2013,62,86.7,1399.015812,2
29,"Uelzen",2014,62.4,87.1,1395.694754,2
29,"Uelzen",2015,62.4,87.4,1399.746884,2
29,"Uelzen",2016,62.9,87.6,1392.216996,2
30,"Verden",2013,61.6,86.2,1400.025995,1
30,"Verden",2014,62.1,86.4,1392.503183,1
30,"Verden",2015,62.4,86.8,1391.926123,1
30,"Verden",2016,63.2,87.9,1389.165599,1
31,"Emden",2013,121.2,166.7,1375.585847,2
31,"Emden",2014,123.2,169.8,1378.303357,2
31,"Emden",2015,126,174.3,1383.418373,2
31,"Emden",2016,127.4,176.3,1384.12504,2
32,"Westerstede",2013,57.1,80.4,1407.004218,1
32,"Westerstede",2014,57.8,81.7,1414.89638,1
32,"Westerstede",2015,58.6,82.6,1409.532426,1
32,"Westerstede",2016,60.2,84.6,1405.816369,1
33,"Oldenburg",2013,164.9,223.6,1356.092354,2
33,"Oldenburg",2014,166.1,225.2,1355.986198,2
33,"Oldenburg",2015,167.2,227.2,1359.210873,2
33,"Oldenburg",2016,167,228.5,1368.332176,2
34,"Osnabrück",2013,287.7,392.5,1364.335616,2
34,"Osnabrück",2014,290.4,396.4,1365.00656,2
34,"Osnabrück",2015,293.7,401.5,1367.149429,2
34,"Osnabrück",2016,298.1,406.9,1365.314545,2
35,"Wilhelmshaven",2013,111.9,154.4,1379.819678,3
35,"Wilhelmshaven",2014,111.7,154.4,1381.982853,3
35,"Wilhelmshaven",2015,111.8,155.2,1388.400404,3
35,"Wilhelmshaven",2016,112.3,155.7,1386.349071,3
36,"Cloppenburg",2013,84.1,118.8,1412.401294,1
36,"Cloppenburg",2014,86,121.5,1412.654106,1
36,"Cloppenburg",2015,87.3,123.3,1411.367332,1
36,"Cloppenburg",2016,90.1,126.9,1407.649813,1
37,"Lingen",2013,178.5,245.7,1376.820446,1
37,"Lingen",2014,179.9,247.7,1376.672966,1
37,"Lingen",2015,182,251.2,1380.192079,1
37,"Lingen",2016,186.6,258,1382.946451,1
38,"Nordhorn",2013,67.3,89.3,1326.399406,1
38,"Nordhorn",2014,68.4,91.4,1335.980113,1
38,"Nordhorn",2015,69.6,93.2,1339.181791,1
38,"Nordhorn",2016,70.3,94.5,1343.430896,1
39,"Leer",2013,70.4,93,1321.002912,1
39,"Leer",2014,70.8,93.6,1321.701539,1
39,"Leer",2015,71.3,94.3,1322.707319,1
39,"Leer",2016,71.9,95.2,1324.914771,1
40,"Vechta",2013,91.4,127.9,1399.170923,1
40,"Vechta",2014,91.8,129.3,1408.311281,1
40,"Vechta",2015,93.4,131.8,1410.568801,1
40,"Vechta",2016,94.4,132.8,1407.850951,1
41,"Nordenham",2013,38.9,54.8,1406.220305,1
41,"Nordenham",2014,39,54.8,1404.332223,1
41,"Nordenham",2015,39.2,55.2,1409.382262,1
41,"Nordenham",2016,39.5,55.4,1401.821862,1
42,"Bremen",2013,430.2,588,1366.807304,3
42,"Bremen",2014,430.2,585.9,1361.779718,3
42,"Bremen",2015,429.7,590,1373.069969,3
42,"Bremen",2016,438.3,598.1,1364.49871,3
43,"Bremerhaven",2013,131.6,180.1,1368.58743,2
43,"Bremerhaven",2014,132.7,181,1363.658279,2
43,"Bremerhaven",2015,134.6,184,1366.699106,2
43,"Bremerhaven",2016,135.6,184.8,1362.651784,2
44,"Höxter",2013,64.5,86.6,1343.528025,1
44,"Höxter",2014,64.9,87.9,1354.859591,1
44,"Höxter",2015,64.9,88.2,1359.158511,1
44,"Höxter",2016,65.1,88.1,1353.463233,1
45,"Düsseldorf",2013,949.6,1334.6,1405.448441,3
45,"Düsseldorf",2014,955.4,1351,1414.006472,3
45,"Düsseldorf",2015,968.3,1369.7,1414.567623,3
45,"Düsseldorf",2016,981,1381.5,1408.265288,3
46,"Duisburg",2013,516.9,687.5,1330.231298,3
46,"Duisburg",2014,518.2,694.5,1340.225045,3
46,"Duisburg",2015,520.4,697.5,1340.324499,3
46,"Duisburg",2016,523.1,698.5,1335.409581,3
47,"Essen",2013,406.1,550,1354.412207,2
47,"Essen",2014,408.1,555.7,1361.66068,2
47,"Essen",2015,413.2,561.7,1359.324142,2
47,"Essen",2016,415.4,564.1,1357.978087,2
48,"Krefeld",2013,118.7,162.4,1368.566517,1
48,"Krefeld",2014,119.1,164.6,1381.68144,1
48,"Krefeld",2015,119.7,165.4,1381.787189,1
48,"Krefeld",2016,121.1,167.3,1380.912671,1
49,"Viersen",2013,126.3,170.1,1346.724953,1
49,"Viersen",2014,128,174,1359.1612,1
49,"Viersen",2015,128.4,174.9,1362.456572,1
49,"Viersen",2016,129.3,175.4,1356.924648,1
50,"Mönchengladbach",2013,129.4,173.7,1342.53849,1
50,"Mönchengladbach",2014,130.8,177.1,1354.261942,1
50,"Mönchengladbach",2015,133.1,180.6,1356.208218,1
50,"Mönchengladbach",2016,134.4,182,1354.871841,1
51,"Heinsberg",2013,100.8,131.4,1303.620838,1
51,"Heinsberg",2014,101.9,134.2,1317.104772,1
51,"Heinsberg",2015,103.2,136.8,1325.158902,1
51,"Heinsberg",2016,104.6,138.4,1323.297991,1
52,"Wuppertal",2013,239.5,325.4,1358.862464,2
52,"Wuppertal",2014,243.1,332.6,1367.902372,2
52,"Wuppertal",2015,244.6,334.9,1368.984985,2
52,"Wuppertal",2016,246.5,336.2,1364.076784,2
53,"Schwelm",2013,143.3,193.9,1352.583332,1
53,"Schwelm",2014,144.6,197.2,1363.944519,1
53,"Schwelm",2015,145.7,199.4,1368.033872,1
53,"Schwelm",2016,146.5,199.6,1362.676898,1
54,"Remscheid",2013,59.7,81.5,1365.461645,1
54,"Remscheid",2014,59.6,82,1375.394057,1
54,"Remscheid",2015,60.2,82.6,1372.08839,1
54,"Remscheid",2016,60.3,82.5,1367.90279,1
55,"Kleve",2013,139.5,185.4,1328.543787,1
55,"Kleve",2014,141.3,189,1337.577769,1
55,"Kleve",2015,144.5,194,1342.218901,1
55,"Kleve",2016,145.5,194.6,1337.686529,1
56,"Aachen",2013,287.9,381.1,1323.962842,1
56,"Aachen",2014,291.5,388.3,1332.417234,1
56,"Aachen",2015,294.1,392.6,1334.751122,1
56,"Aachen",2016,298.1,397.4,1333.029209,1
57,"Köln",2013,1016.2,1407,1384.581244,3
57,"Köln",2014,1028.6,1431.1,1391.367034,3
57,"Köln",2015,1042.2,1448.1,1389.431205,3
57,"Köln",2016,1060.2,1468.7,1385.296673,3
58,"Leverkusen",2013,81.4,113.2,1390.905293,1
58,"Leverkusen",2014,81.7,114.6,1402.956196,1
58,"Leverkusen",2015,82.2,114.9,1397.372742,1
58,"Leverkusen",2016,82.7,115.2,1392.861031,1
59,"Bonn",2013,467,635.5,1360.627797,2
59,"Bonn",2014,471.3,644.4,1367.338971,2
59,"Bonn",2015,478.5,653.4,1365.448352,2
59,"Bonn",2016,487.5,662.7,1359.580273,2
60,"Düren",2013,116.2,152.6,1313.737981,1
60,"Düren",2014,116.9,154.7,1323.527398,1
60,"Düren",2015,119.1,158,1327.213941,1
60,"Düren",2016,120.7,159.9,1324.468702,1
61,"Euskirchen",2013,78.9,107.5,1361.030539,1
61,"Euskirchen",2014,79.7,109,1367.532093,1
61,"Euskirchen",2015,81.1,111.1,1370.535769,1
61,"Euskirchen",2016,82.6,112.7,1365.295642,1
62,"Gummersbach",2013,136.8,186.3,1361.735418,1
62,"Gummersbach",2014,138.2,190,1374.614795,1
62,"Gummersbach",2015,140,192.5,1374.782137,1
62,"Gummersbach",2016,141.3,193.5,1370.043959,1
63,"Gelsenkirchen",2013,464.5,613.6,1320.759794,4
63,"Gelsenkirchen",2014,462.1,613.6,1327.672576,4
63,"Gelsenkirchen",2015,464.2,616.9,1328.867749,4
63,"Gelsenkirchen",2016,463.8,613.7,1323.08558,4
64,"Münster",2013,437.8,587.9,1342.760695,3
64,"Münster",2014,444.7,601.9,1353.610243,3
64,"Münster",2015,449.8,609.8,1355.658209,3
64,"Münster",2016,454.5,614.7,1352.554807,3
65,"Borken",2013,197.8,262.6,1327.887834,1
65,"Borken",2014,200.2,269.1,1343.779497,1
65,"Borken",2015,202.3,272.8,1348.719825,1
65,"Borken",2016,204.8,275.1,1343.20902,1
66,"Steinfurt",2013,210.9,278.9,1322.816685,1
66,"Steinfurt",2014,213.3,284.9,1335.934166,1
66,"Steinfurt",2015,216.1,289.5,1339.331489,1
66,"Steinfurt",2016,220.2,293.9,1334.335284,1
67,"Bielefeld",2013,318,433.4,1362.842991,2
67,"Bielefeld",2014,321.8,440.6,1369.187022,2
67,"Bielefeld",2015,325.6,446,1369.773863,2
67,"Bielefeld",2016,329,449.2,1365.340312,2
68,"Gütersloh",2013,208,285,1370.075712,1
68,"Gütersloh",2014,210.4,291.5,1385.287269,1
68,"Gütersloh",2015,215.6,299.8,1390.352484,1
68,"Gütersloh",2016,220.5,306.2,1388.534685,1
69,"Detmold",2013,157.2,213.4,1357.291892,1
69,"Detmold",2014,158.1,216,1366.880939,1
69,"Detmold",2015,157.8,216.1,1369.142061,1
69,"Detmold",2016,157.5,214.7,1362.788542,1
70,"Minden",2013,164.3,224.9,1368.980019,1
70,"Minden",2014,165.6,228.8,1382.104589,1
70,"Minden",2015,166.9,231.6,1387.886088,1
70,"Minden",2016,168.9,233.4,1381.735392,1
71,"Paderborn",2013,158.1,211.8,1339.540795,1
71,"Paderborn",2014,160.1,216.1,1349.978452,1
71,"Paderborn",2015,161.4,217.9,1350.147449,1
71,"Paderborn",2016,163.5,219.5,1342.203277,1
72,"Bochum",2013,185.1,247.3,1335.830893,1
72,"Bochum",2014,186.3,250.8,1345.786618,1
72,"Bochum",2015,183.4,246.6,1344.647064,1
72,"Bochum",2016,184.2,246.8,1340.092206,1
73,"Dortmund",2013,560,747.3,1334.355883,3
73,"Dortmund",2014,565.9,763.4,1349.137763,3
73,"Dortmund",2015,566.1,769.7,1359.58212,3
73,"Dortmund",2016,575,780.1,1356.62289,3
74,"Hagen",2013,97.3,130.9,1344.571481,1
74,"Hagen",2014,96.5,131.8,1365.200547,1
74,"Hagen",2015,97.3,132.9,1365.685751,1
74,"Hagen",2016,97.4,132.4,1358.777529,1
75,"Lüdenscheid",2013,211.2,286.9,1358.1289,1
75,"Lüdenscheid",2014,213.9,294.2,1375.477978,1
75,"Lüdenscheid",2015,214.7,296.2,1379.438834,1
75,"Lüdenscheid",2016,216.1,296.2,1370.43463,1
76,"Meschede",2013,143.5,192.4,1340.525139,1
76,"Meschede",2014,145.1,196.9,1357.011884,1
76,"Meschede",2015,146.1,198.3,1358.069154,1
76,"Meschede",2016,147.5,199.5,1352.923227,1
77,"Siegen",2013,153.1,205.2,1340.311708,1
77,"Siegen",2014,153.8,208.4,1355.281724,1
77,"Siegen",2015,156,211.3,1353.762945,1
77,"Siegen",2016,156.5,211.5,1351.501285,1
78,"Olpe",2013,76.8,103.8,1351.547439,1
78,"Olpe",2014,76.6,104.9,1370.232048,1
78,"Olpe",2015,77.2,105.8,1370.931181,1
78,"Olpe",2016,76.9,105.1,1366.477642,1
79,"Soest",2013,150.9,202.3,1340.283851,1
79,"Soest",2014,152.5,206.5,1353.810448,1
79,"Soest",2015,152.9,208.2,1361.780882,1
79,"Soest",2016,153.1,207.8,1357.398977,1
80,"Korbach",2013,81.9,114.2,1393.951229,1
80,"Korbach",2014,83.1,116.4,1401.093015,1
80,"Korbach",2015,83.9,117.4,1399.37538,1
80,"Korbach",2016,84.5,118.2,1398.012305,1
81,"Kassel",2013,243.3,333.9,1372.089678,2
81,"Kassel",2014,247.1,339.4,1373.582431,2
81,"Kassel",2015,247.6,340.6,1375.221596,2
81,"Kassel",2016,249.7,342.3,1370.722137,2
82,"Eschwege",2013,43.2,58.4,1353.328084,1
82,"Eschwege",2014,42.6,58,1362.296044,1
82,"Eschwege",2015,42.3,57.5,1361.017751,1
82,"Eschwege",2016,42,57,1356.759976,1
83,"Schwalm-Eder",2013,77.4,105.8,1366.71747,1
83,"Schwalm-Eder",2014,76.8,104.7,1363.255317,1
83,"Schwalm-Eder",2015,77.2,105.4,1365.34774,1
83,"Schwalm-Eder",2016,77.4,105.7,1366.588247,1
84,"Hersfeld",2013,62.6,87.4,1396.269205,1
84,"Hersfeld",2014,62.5,87.7,1402.341126,1
84,"Hersfeld",2015,61.8,86.5,1400.828922,1
84,"Hersfeld",2016,62.6,87.8,1402.996757,1
85,"Marburg",2013,124.2,166.7,1342.28988,1
85,"Marburg",2014,124.9,168.7,1350.797285,1
85,"Marburg",2015,125.5,169.2,1348.432333,1
85,"Marburg",2016,126.5,170.6,1348.16214,1
86,"Lauterbach",2013,45.5,62,1363.790335,1
86,"Lauterbach",2014,46.5,62.8,1348.344542,1
86,"Lauterbach",2015,46.3,62.6,1353.94424,1
86,"Lauterbach",2016,46.2,62.5,1352.602283,1
87,"Fulda",2013,122.4,169.3,1382.49612,1
87,"Fulda",2014,123.8,171.9,1388.844905,1
87,"Fulda",2015,124.7,173.1,1388.710635,1
87,"Fulda",2016,126.7,176.2,1390.375724,1
88,"Wetzlar",2013,125.2,170.3,1359.933241,1
88,"Wetzlar",2014,125.3,171.7,1370.012767,1
88,"Wetzlar",2015,125.8,172.3,1369.085274,1
88,"Wetzlar",2016,126.2,173.1,1371.444869,1
89,"Gießen",2013,133,176.9,1329.629769,1
89,"Gießen",2014,134.6,179.7,1334.866236,1
89,"Gießen",2015,134.6,180.2,1339.233564,1
89,"Gießen",2016,137.2,184.1,1342.142097,1
90,"Limburg",2013,74.4,100.6,1352.454058,1
90,"Limburg",2014,74.3,101.3,1362.171252,1
90,"Limburg",2015,75.5,102.5,1358.609083,1
90,"Limburg",2016,76.5,104.4,1364.118716,1
91,"Wiesbaden",2013,242.1,344.2,1421.756316,2
91,"Wiesbaden",2014,244.3,346.9,1420.059437,2
91,"Wiesbaden",2015,247.5,349.8,1413.678557,2
91,"Wiesbaden",2016,251,355,1414.024968,2
92,"Frankfurt/Main",2013,1345.1,1935.7,1439.094093,7
92,"Frankfurt/Main",2014,1366,1964.4,1438.12662,7
92,"Frankfurt/Main",2015,1389.3,1993.8,1435.117817,7
92,"Frankfurt/Main",2016,1410.5,2026.1,1436.438233,7
93,"Hanau",2013,172.1,238.8,1387.264329,1
93,"Hanau",2014,173.4,241,1389.455174,1
93,"Hanau",2015,176.5,244.6,1385.807051,1
93,"Hanau",2016,180,249.6,1386.963408,1
94,"Darmstadt",2013,232.8,321.8,1382.14818,2
94,"Darmstadt",2014,234.8,325.3,1385.899222,2
94,"Darmstadt",2015,236.9,328.5,1386.984422,2
94,"Darmstadt",2016,240.3,333.8,1389.214405,2
95,"Erbach",2013,39.1,53.3,1363.510676,1
95,"Erbach",2014,39.1,53.5,1368.220621,1
95,"Erbach",2015,39.3,53.7,1366.174599,1
95,"Erbach",2016,39.6,54.4,1372.127053,1
96,"Altenkirchen",2013,54.1,70.6,1305.814921,1
96,"Altenkirchen",2014,54,71.4,1323.520148,1
96,"Altenkirchen",2015,54.3,72.1,1327.580173,1
96,"Altenkirchen",2016,54.8,72.5,1324.568131,1
97,"Montabaur",2013,93.3,125.5,1345.362925,1
97,"Montabaur",2014,96.8,129.7,1339.370908,1
97,"Montabaur",2015,97.7,131,1341.69141,1
97,"Montabaur",2016,99.3,133,1338.631582,1
98,"Neuwied",2013,82.7,112.7,1362.577696,1
98,"Neuwied",2014,82.1,113.2,1377.75018,1
98,"Neuwied",2015,82.4,113.4,1376.473302,1
98,"Neuwied",2016,83,113.5,1367.788259,1
99,"Ahrweiler",2013,50.9,67.9,1334.538452,1
99,"Ahrweiler",2014,51.7,69.8,1350.502099,1
99,"Ahrweiler",2015,52.1,70.2,1347.922065,1
99,"Ahrweiler",2016,52.6,70.9,1346.021616,1
100,"Koblenz",2013,250.1,343.9,1374.954017,3
100,"Koblenz",2014,251.5,349.5,1389.524991,3
100,"Koblenz",2015,253.1,350.6,1384.972761,3
100,"Koblenz",2016,255.1,350,1372.0571,3
101,"Bad Kreuznach",2013,74.2,100.5,1354.8874,1
101,"Bad Kreuznach",2014,73.4,100.7,1372.464282,1
101,"Bad Kreuznach",2015,73.2,100.5,1372.123513,1
101,"Bad Kreuznach",2016,73.8,100.8,1366.605236,1
102,"Idar-Oberstein",2013,37.4,50.7,1354.882677,1
102,"Idar-Oberstein",2014,38.6,52.8,1367.744277,1
102,"Idar-Oberstein",2015,38.8,53.2,1369.67154,1
102,"Idar-Oberstein",2016,38.9,53.2,1367.661807,1
103,"Cochem",2013,30.2,41.2,1361.85059,1
103,"Cochem",2014,30.6,42.1,1378.295284,1
103,"Cochem",2015,31.1,42.9,1378.585885,1
103,"Cochem",2016,31.3,42.8,1368.045786,1
104,"Simmern",2013,51.1,70,1368.781289,1
104,"Simmern",2014,52.4,72.3,1379.168893,1
104,"Simmern",2015,53.5,73.8,1378.942651,1
104,"Simmern",2016,54.3,74.7,1375.161041,1
105,"Trier",2013,126.1,167.6,1329.95391,2
105,"Trier",2014,126.7,168.9,1332.77555,2
105,"Trier",2015,128,170.3,1330.362374,2
105,"Trier",2016,128.9,170.5,1322.569132,2
106,"Bernkastel-Wittlich",2013,56.7,78.5,1384.911321,1
106,"Bernkastel-Wittlich",2014,56.4,79,1400.088613,1
106,"Bernkastel-Wittlich",2015,56.9,79.5,1398.118185,1
106,"Bernkastel-Wittlich",2016,57.3,79.7,1390.918134,1
107,"Daun",2013,30.6,41.8,1365.704772,1
107,"Daun",2014,31.1,42.6,1370.837489,1
107,"Daun",2015,31,42.6,1371.832893,1
107,"Daun",2016,30.9,42.3,1366.619254,1
108,"Bitburg",2013,41.4,56.5,1363.38171,1
108,"Bitburg",2014,41.4,57.4,1386.814568,1
108,"Bitburg",2015,41.4,57.2,1383.584833,1
108,"Bitburg",2016,41.7,57.4,1377.046426,1
109,"Kaiserslautern",2013,152.7,205.1,1342.697402,4
109,"Kaiserslautern",2014,153.1,206.8,1350.818623,4
109,"Kaiserslautern",2015,155,209.2,1349.980643,4
109,"Kaiserslautern",2016,156.3,209.9,1343.247861,4
110,"Landau",2013,73.1,99.5,1361.519625,2
110,"Landau",2014,74.4,102,1371.720215,2
110,"Landau",2015,75.8,103.8,1369.244571,2
110,"Landau",2016,76.7,104.3,1361.081039,2
111,"Mainz",2013,228.6,313.5,1371.473437,2
111,"Mainz",2014,230.7,318,1378.290515,2
111,"Mainz",2015,232.4,319.6,1375.153296,2
111,"Mainz",2016,235.2,321.6,1367.195637,2
112,"Alzey-Worms",2013,87.8,121.2,1381.051121,2
112,"Alzey-Worms",2014,88.6,123.1,1389.193519,2
112,"Alzey-Worms",2015,87.8,121.4,1382.718721,2
112,"Alzey-Worms",2016,88.6,121.8,1374.298902,2
113,"Pirmasens",2013,74.2,101.2,1363.620441,3
113,"Pirmasens",2014,73.1,100.5,1374.702584,3
113,"Pirmasens",2015,72.8,100.2,1374.998284,3
113,"Pirmasens",2016,72.8,99.6,1367.907302,3
114,"Ludwigshafen",2013,299,412.9,1380.861119,6
114,"Ludwigshafen",2014,303,421.9,1392.587654,6
114,"Ludwigshafen",2015,305.6,423.7,1386.427599,6
114,"Ludwigshafen",2016,307.4,424.3,1380.141364,6
115,"Germersheim",2013,59.1,82.5,1395.974745,1
115,"Germersheim",2014,59.2,83.5,1409.6237,1
115,"Germersheim",2015,59,83,1407.187759,1
115,"Germersheim",2016,59.7,83.8,1402.981325,1
116,"Merzig",2013,43.2,57.8,1338.558429,1
116,"Merzig",2014,43.2,58.3,1348.348904,1
116,"Merzig",2015,42.8,57.7,1349.573349,1
116,"Merzig",2016,43.1,57.9,1341.662417,1
117,"St. Wendel",2013,36.3,47.7,1311.824111,1
117,"St. Wendel",2014,35.8,47.2,1318.301275,1
117,"St. Wendel",2015,36.8,48.8,1327.327572,1
117,"St. Wendel",2016,37.6,49.5,1317.032265,1
118,"Saarbrücken",2013,359,484.3,1349.284883,3
118,"Saarbrücken",2014,359.3,487.5,1356.987787,3
118,"Saarbrücken",2015,359.4,490.1,1363.836963,3
118,"Saarbrücken",2016,362.6,491.4,1355.496591,3
119,"Homburg/Saar",2013,84.4,115.2,1365.042702,1
119,"Homburg/Saar",2014,84.3,115.8,1373.458951,1
119,"Homburg/Saar",2015,84.6,117.1,1383.180331,1
119,"Homburg/Saar",2016,85.7,117.9,1375.581924,1
120,"Stuttgart",2013,1419.2,1996.5,1406.807798,5
120,"Stuttgart",2014,1432.1,2017.6,1408.879991,5
120,"Stuttgart",2015,1453.5,2049.3,1409.941217,5
120,"Stuttgart",2016,1473.3,2065.6,1402.011152,5
121,"Göppingen",2013,116.3,160.7,1382.494861,1
121,"Göppingen",2014,118.8,165,1388.70555,1
121,"Göppingen",2015,119.6,166.3,1390.533138,1
121,"Göppingen",2016,120.2,166.2,1383.372728,1
122,"Heilbronn",2013,268.1,356.6,1330.325368,2
122,"Heilbronn",2014,271.1,364.4,1344.17848,2
122,"Heilbronn",2015,262.3,369.9,1409.980598,2
122,"Heilbronn",2016,268.4,377.5,1406.324974,2
123,"Schwäbisch Hall",2013,171.1,240.4,1405.606056,2
123,"Schwäbisch Hall",2014,173,243.4,1407.497774,2
123,"Schwäbisch Hall",2015,175.1,246.8,1409.978692,2
123,"Schwäbisch Hall",2016,177.6,249.9,1406.719359,2
124,"Tauberbischofsheim",2013,73.7,101.1,1371.399512,1
124,"Tauberbischofsheim",2014,74.3,102.4,1377.465092,1
124,"Tauberbischofsheim",2015,74.3,102.5,1379.973894,1
124,"Tauberbischofsheim",2016,75,103.3,1376.995443,1
125,"Heidenheim",2013,65.2,89.8,1378.541392,1
125,"Heidenheim",2014,64.8,89.4,1379.20815,1
125,"Heidenheim",2015,65,89.6,1379.621364,1
125,"Heidenheim",2016,66.1,90.8,1374.517667,1
126,"Aalen",2013,163.2,224.1,1373.189383,1
126,"Aalen",2014,165.5,227.5,1374.189028,1
126,"Aalen",2015,167.2,230.8,1380.383033,1
126,"Aalen",2016,168.1,231.8,1378.639622,1
127,"Baden-Baden",2013,153.6,214.6,1397.348406,2
127,"Baden-Baden",2014,154.7,216.2,1397.739025,2
127,"Baden-Baden",2015,156.1,218.3,1398.175552,2
127,"Baden-Baden",2016,157.4,218.7,1389.466931,2
128,"Karlsruhe",2013,420.3,583,1387.288519,2
128,"Karlsruhe",2014,431.6,601.2,1392.924245,2
128,"Karlsruhe",2015,438.2,609.1,1389.996257,2
128,"Karlsruhe",2016,442.9,612.7,1383.37499,2
129,"Heidelberg",2013,343.5,468.5,1363.603286,2
129,"Heidelberg",2014,347.1,473.5,1364.03342,2
129,"Heidelberg",2015,350.2,477.8,1364.434342,2
129,"Heidelberg",2016,354.3,480.8,1357.086808,2
130,"Mannheim",2013,337.1,470.6,1396.089216,2
130,"Mannheim",2014,340.9,477.2,1399.573521,2
130,"Mannheim",2015,343.4,479,1394.805497,2
130,"Mannheim",2016,347.5,482.5,1388.475959,2
131,"Mosbach",2013,65.7,90.1,1370.54556,1
131,"Mosbach",2014,65.4,89.7,1371.316276,1
131,"Mosbach",2015,65.6,90.3,1376.497668,1
131,"Mosbach",2016,65.8,90.1,1370.608,1
132,"Pforzheim",2013,154.4,213.8,1384.726001,2
132,"Pforzheim",2014,155.2,216,1391.557843,2
132,"Pforzheim",2015,156.2,217.6,1392.862172,2
132,"Pforzheim",2016,158,219,1385.471502,2
133,"Calw",2013,63.2,87.6,1386.426944,1
133,"Calw",2014,63.6,88.3,1388.470548,1
133,"Calw",2015,64.1,88.9,1386.567723,1
133,"Calw",2016,64.9,89.6,1379.913471,1
134,"Freudenstadt",2013,60.9,84.2,1381.930084,1
134,"Freudenstadt",2014,60.7,84.5,1391.126774,1
134,"Freudenstadt",2015,61.3,85.4,1392.420757,1
134,"Freudenstadt",2016,61.6,85.3,1384.423089,1
135,"Freiburg",2013,347.8,472.6,1358.811962,3
135,"Freiburg",2014,354.8,482.6,1359.971141,3
135,"Freiburg",2015,358,486.4,1358.784767,3
135,"Freiburg",2016,363,490.9,1352.379142,3
136,"Offenburg",2013,229.5,318,1385.627751,1
136,"Offenburg",2014,231.4,320.7,1385.76096,1
136,"Offenburg",2015,234.5,325,1385.92616,1
136,"Offenburg",2016,237.6,327.7,1379.571907,1
137,"Rottweil",2013,72.8,100.7,1382.572637,1
137,"Rottweil",2014,73.1,101.4,1387.068529,1
137,"Rottweil",2015,73.5,102.1,1388.440202,1
137,"Rottweil",2016,73.5,102.5,1394.806997,1
138,"Villingen-Schwenningen",2013,113.6,155.8,1371.790808,1
138,"Villingen-Schwenningen",2014,116.1,161.9,1394.519746,1
138,"Villingen-Schwenningen",2015,117.7,164,1394.16474,1
138,"Villingen-Schwenningen",2016,119.4,164.5,1378.329703,1
139,"Tuttlingen",2013,79.7,110.6,1387.314931,1
139,"Tuttlingen",2014,82.4,114.5,1389.537072,1
139,"Tuttlingen",2015,83.6,116.8,1397.214378,1
139,"Tuttlingen",2016,83.9,116.5,1389.699745,1
140,"Konstanz",2013,136.8,182.5,1333.608618,1
140,"Konstanz",2014,140.9,188.3,1336.155686,1
140,"Konstanz",2015,143.3,191.6,1336.696108,1
140,"Konstanz",2016,146.1,194.5,1331.077521,1
141,"Lörrach",2013,103.8,141,1357.715826,1
141,"Lörrach",2014,105.2,143.4,1363.660568,1
141,"Lörrach",2015,106.7,145.5,1364.29,1
141,"Lörrach",2016,107.5,146.3,1360.357847,1
142,"Waldshut",2013,74.9,101.2,1351.163784,1
142,"Waldshut",2014,75.4,102.2,1354.428198,1
142,"Waldshut",2015,75.9,102.8,1354.047575,1
142,"Waldshut",2016,76.8,103.7,1349.602384,1
143,"Reutlingen/Tübingen",2013,251.9,340.7,1352.279267,2
143,"Reutlingen/Tübingen",2014,259,350.7,1353.909942,2
143,"Reutlingen/Tübingen",2015,262.3,355.2,1354.019413,2
143,"Reutlingen/Tübingen",2016,266.5,359.6,1349.246844,2
144,"Balingen",2013,90.9,125.4,1378.343907,1
144,"Balingen",2014,90.7,125.4,1381.882301,1
144,"Balingen",2015,91.4,126.7,1386.00175,1
144,"Balingen",2016,92.5,127.6,1379.84538,1
145,"Ulm",2013,278.7,385.2,1382.403497,3
145,"Ulm",2014,280,388.1,1386.048555,3
145,"Ulm",2015,283.3,391.7,1382.703412,3
145,"Ulm",2016,287.7,396.1,1376.799352,3
146,"Biberach",2013,105.5,147.4,1396.107895,1
146,"Biberach",2014,104.4,145.7,1395.32679,1
146,"Biberach",2015,106.4,148.3,1393.663117,1
146,"Biberach",2016,109.7,152.5,1390.498505,1
147,"Friedrichshafen",2013,119.1,167.4,1405.598811,1
147,"Friedrichshafen",2014,119.5,167.7,1403.126203,1
147,"Friedrichshafen",2015,120.3,169.1,1405.01259,1
147,"Friedrichshafen",2016,121.8,170.2,1396.849502,1
148,"Ravensburg",2013,154.7,212.6,1373.748602,1
148,"Ravensburg",2014,157.5,216.2,1372.999644,1
148,"Ravensburg",2015,159.3,219.2,1375.998845,1
148,"Ravensburg",2016,161.2,221.7,1374.97364,1
149,"Sigmaringen",2013,66.4,92,1386.96065,1
149,"Sigmaringen",2014,65.5,90.9,1387.479211,1
149,"Sigmaringen",2015,66.2,92.1,1391.444884,1
149,"Sigmaringen",2016,67.7,94.1,1388.641195,1
150,"Bad Reichenhall",2013,51.8,72.6,1401.455627,1
150,"Bad Reichenhall",2014,52.5,73.8,1403.977165,1
150,"Bad Reichenhall",2015,53.4,75.3,1408.535559,1
150,"Bad Reichenhall",2016,54.1,75.8,1401.593434,1
151,"Traunstein",2013,89.4,125.9,1409.143803,1
151,"Traunstein",2014,91.1,128.5,1411.178324,1
151,"Traunstein",2015,92.6,131,1414.674957,1
151,"Traunstein",2016,93.8,131.8,1404.50025,1
152,"Burghausen",2013,59.9,82.5,1376.35611,1
152,"Burghausen",2014,60.8,83.6,1374.461366,1
152,"Burghausen",2015,61,84.1,1378.686778,1
152,"Burghausen",2016,61.5,84.3,1370.268645,1
153,"Mühldorf",2013,53.3,74.8,1402.603493,1
153,"Mühldorf",2014,54.1,76,1403.835495,1
153,"Mühldorf",2015,54.9,77.2,1404.660901,1
153,"Mühldorf",2016,56.4,78.8,1396.227084,1
154,"Rosenheim",2013,161.3,225.1,1395.979438,2
154,"Rosenheim",2014,164.9,230.7,1399.432294,2
154,"Rosenheim",2015,167.7,235.1,1401.971189,2
154,"Rosenheim",2016,171,237.8,1390.439156,2
155,"Bad Tölz",2013,103.6,147.4,1422.981894,2
155,"Bad Tölz",2014,105.2,149.9,1425.262217,2
155,"Bad Tölz",2015,105.4,150.5,1428.353167,2
155,"Bad Tölz",2016,106.7,151,1415.904893,2
156,"Garmisch-Partenkirchen",2013,42.1,59.6,1416.629043,1
156,"Garmisch-Partenkirchen",2014,42.6,60.7,1422.370735,1
156,"Garmisch-Partenkirchen",2015,43.4,61.9,1426.223092,1
156,"Garmisch-Partenkirchen",2016,44,62.3,1415.555202,1
157,"Weilheim",2013,67.7,92.1,1360.634921,1
157,"Weilheim",2014,68,93,1367.845328,1
157,"Weilheim",2015,68.7,94.1,1368.94193,1
157,"Weilheim",2016,69.8,95.1,1361.740227,1
158,"Landsberg",2013,52,72.4,1393.025538,1
158,"Landsberg",2014,53.2,74.1,1393.59982,1
158,"Landsberg",2015,54,75.3,1394.733918,1
158,"Landsberg",2016,55,76.2,1385.401699,1
159,"München",2013,1693.3,2432.5,1436.594091,8
159,"München",2014,1726.8,2482.3,1437.549768,8
159,"München",2015,1759.2,2532.7,1439.703843,8
159,"München",2016,1799.1,2571.6,1429.407092,8
160,"Ingolstadt",2013,263.8,371.5,1408.244116,4
160,"Ingolstadt",2014,269.4,380.3,1411.69483,4
160,"Ingolstadt",2015,276.6,392.3,1418.050359,4
160,"Ingolstadt",2016,283.7,399.7,1408.998777,4
161,"Kelheim-Mainburg",2013,53.1,74,1393.683576,1
161,"Kelheim-Mainburg",2014,52.9,73.7,1394.568116,1
161,"Kelheim-Mainburg",2015,53.5,74.6,1395.867228,1
161,"Kelheim-Mainburg",2016,54.1,75,1385.738308,1
162,"Landshut",2013,117.8,160.4,1361.725429,2
162,"Landshut",2014,119.2,163.6,1372.617959,2
162,"Landshut",2015,119.3,164.3,1377.214532,2
162,"Landshut",2016,121.1,166.2,1371.588714,2
163,"Dingolfing",2013,64.7,90,1390.99592,1
163,"Dingolfing",2014,64,89.7,1400.459167,1
163,"Dingolfing",2015,65,91.5,1408.848795,1
163,"Dingolfing",2016,65.3,91.6,1403.221855,1
164,"Eggenfelden/Pfarrkirchen",2013,56.8,80.6,1418.152692,1
164,"Eggenfelden/Pfarrkirchen",2014,56.1,79.4,1415.444979,1
164,"Eggenfelden/Pfarrkirchen",2015,56.6,80.2,1417.068816,1
164,"Eggenfelden/Pfarrkirchen",2016,56.9,80.1,1406.667721,1
165,"Passau",2013,133.5,184.9,1385.321926,2
165,"Passau",2014,133.5,184.9,1384.606166,2
165,"Passau",2015,135.1,187.1,1385.032755,2
165,"Passau",2016,137.5,189.1,1374.810948,2
166,"Freyung",2013,35.2,48.2,1369.747422,1
166,"Freyung",2014,35.4,48.6,1372.456036,1
166,"Freyung",2015,36,49.6,1377.418279,1
166,"Freyung",2016,36.7,50.3,1370.698105,1
167,"Regen-Zwiesel",2013,37.4,51.8,1382.466075,1
167,"Regen-Zwiesel",2014,38.4,53.4,1389.904673,1
167,"Regen-Zwiesel",2015,39.1,54.3,1389.117911,1
167,"Regen-Zwiesel",2016,39.3,54.4,1382.955991,1
168,"Deggendorf",2013,65.8,92,1398.138856,1
168,"Deggendorf",2014,67.3,94.6,1407.035699,1
168,"Deggendorf",2015,68,95.9,1410.294507,1
168,"Deggendorf",2016,68.1,95.2,1398.40848,1
169,"Straubing",2013,73.5,102.2,1390.21173,2
169,"Straubing",2014,75.4,104.8,1390.79499,2
169,"Straubing",2015,77.7,108.3,1395.230246,2
169,"Straubing",2016,79.2,110.1,1389.692049,2
170,"Cham",2013,69.8,98.6,1412.034384,1
170,"Cham",2014,69.6,98.3,1413.480885,1
170,"Cham",2015,70.4,99.3,1411.287343,1
170,"Cham",2016,71.7,100.1,1396.364854,1
171,"Regensburg",2013,208.1,284.7,1368.094769,2
171,"Regensburg",2014,211.1,290,1373.735603,2
171,"Regensburg",2015,216,297.2,1375.435673,2
171,"Regensburg",2016,222.4,303.7,1365.327207,2
172,"Schwandorf",2013,74.4,105,1411.403296,1
172,"Schwandorf",2014,75.3,106.3,1412.87451,1
172,"Schwandorf",2015,75.9,107.4,1414.339901,1
172,"Schwandorf",2016,75.7,106.5,1405.39149,1
173,"Amberg",2013,73,101.5,1390.711693,2
173,"Amberg",2014,74.1,103.4,1395.262519,2
173,"Amberg",2015,75.6,106,1400.994222,2
173,"Amberg",2016,76.8,106.7,1389.197145,2
174,"Neumarkt",2013,63,88.2,1400.39047,1
174,"Neumarkt",2014,62.9,87.9,1398.762171,1
174,"Neumarkt",2015,63.8,89.5,1402.869688,1
174,"Neumarkt",2016,65.1,90.7,1394.25086,1
175,"Weiden",2013,77.1,106,1375.032419,2
175,"Weiden",2014,77.4,106.8,1379.958651,2
175,"Weiden",2015,78.5,108.6,1383.956565,2
175,"Weiden",2016,79.8,109.9,1376.359308,2
176,"Marktredwitz",2013,72,101,1403.362279,2
176,"Marktredwitz",2014,71.4,100.7,1410.975798,2
176,"Marktredwitz",2015,71.8,101.4,1413.409689,2
176,"Marktredwitz",2016,72.5,101.8,1403.08859,2
177,"Hof",2013,81.7,114.2,1397.88672,2
177,"Hof",2014,81,113.4,1399.432239,2
177,"Hof",2015,81.6,114.4,1403.225015,2
177,"Hof",2016,82.3,114.8,1395.015069,2
178,"Bayreuth",2013,98,135.3,1380.630608,2
178,"Bayreuth",2014,98.8,136.4,1380.14915,2
178,"Bayreuth",2015,99.5,136.9,1376.89392,2
178,"Bayreuth",2016,100.4,137.2,1366.278549,2
179,"Bamberg",2013,121.8,164.8,1353.275511,2
179,"Bamberg",2014,123.9,167.1,1348.414062,2
179,"Bamberg",2015,126.2,170.5,1350.84508,2
179,"Bamberg",2016,128.3,171.6,1337.81392,2
180,"Kulmbach",2013,37.1,51.6,1389.538014,1
180,"Kulmbach",2014,36.6,51,1394.31694,1
180,"Kulmbach",2015,36.7,51.3,1398.642571,1
180,"Kulmbach",2016,36.6,51,1392.778127,1
181,"Kronach",2013,34.7,48.5,1399.751976,1
181,"Kronach",2014,33.9,47.7,1408.136173,1
181,"Kronach",2015,33.9,47.7,1408.424908,1
181,"Kronach",2016,34.3,47.9,1397.928519,1
182,"Coburg",2013,78.6,110.7,1409.153388,2
182,"Coburg",2014,79.7,112.7,1414.470712,2
182,"Coburg",2015,79.8,113.2,1418.887079,2
182,"Coburg",2016,79.7,112.1,1406.895167,2
183,"Lichtenfels",2013,37.7,52.3,1384.972171,1
183,"Lichtenfels",2014,37.3,51.9,1389.683432,1
183,"Lichtenfels",2015,36.6,51.3,1398.472033,1
183,"Lichtenfels",2016,36.8,51.1,1386.087287,1
184,"Erlangen",2013,208.5,290.9,1395.477787,3
184,"Erlangen",2014,212.4,295,1389.078273,3
184,"Erlangen",2015,214.9,298.9,1390.752881,3
184,"Erlangen",2016,217.1,299,1377.218642,3
185,"Nürnberg",2013,612.4,858.4,1401.814948,6
185,"Nürnberg",2014,619.7,871,1405.54244,6
185,"Nürnberg",2015,626.8,882.3,1407.661542,6
185,"Nürnberg",2016,637.7,890.1,1395.906385,6
186,"Weißenburg-Gunzenhausen",2013,43.8,60.8,1386.936392,1
186,"Weißenburg-Gunzenhausen",2014,44,60.9,1385.300871,1
186,"Weißenburg-Gunzenhausen",2015,44.4,61.6,1388.236884,1
186,"Weißenburg-Gunzenhausen",2016,45.4,62.7,1379.88249,1
187,"Ansbach",2013,115.4,160.8,1393.830156,2
187,"Ansbach",2014,115.8,161.8,1396.920526,2
187,"Ansbach",2015,116.9,163.7,1400.388386,2
187,"Ansbach",2016,118.9,165.2,1389.638579,2
188,"Neustadt/Aisch",2013,44.8,62.1,1387.432683,1
188,"Neustadt/Aisch",2014,44.6,62,1388.534176,1
188,"Neustadt/Aisch",2015,45,62.7,1394.570075,1
188,"Neustadt/Aisch",2016,45.7,63.2,1383.931699,1
189,"Kitzingen",2013,44.9,62.3,1388.605537,1
189,"Kitzingen",2014,45.4,63.3,1392.157726,1
189,"Kitzingen",2015,45.7,63.7,1393.991153,1
189,"Kitzingen",2016,45.9,63.6,1385.881994,1
190,"Würzburg",2013,174.4,236.8,1357.300923,2
190,"Würzburg",2014,176.2,239.1,1356.453059,2
190,"Würzburg",2015,178.1,241.5,1355.578634,2
190,"Würzburg",2016,180.5,242.9,1346.238037,2
191,"Schweinfurt",2013,101.4,140.8,1388.305581,2
191,"Schweinfurt",2014,101.7,141.6,1391.678707,2
191,"Schweinfurt",2015,101.3,141.7,1398.391236,2
191,"Schweinfurt",2016,101.8,141.2,1386.975099,2
192,"Haßfurt",2013,38.9,51.7,1327.612343,1
192,"Haßfurt",2014,38.8,51.8,1334.956208,1
192,"Haßfurt",2015,39.1,52.2,1336.924258,1
192,"Haßfurt",2016,39.8,52.8,1328.262892,1
193,"Bad Neustadt/Saale",2013,41.9,57.6,1375.647607,1
193,"Bad Neustadt/Saale",2014,41.9,57.8,1380.42232,1
193,"Bad Neustadt/Saale",2015,41.8,57.8,1381.186817,1
193,"Bad Neustadt/Saale",2016,42,57.6,1370.264611,1
194,"Bad Kissingen",2013,52.1,71.2,1365.558391,1
194,"Bad Kissingen",2014,51.9,70.9,1367.023943,1
194,"Bad Kissingen",2015,52.8,72.3,1369.002083,1
194,"Bad Kissingen",2016,53.7,72.8,1355.883284,1
195,"Lohr am Main",2013,60.7,82.6,1361.177904,1
195,"Lohr am Main",2014,62.3,85.2,1367.238169,1
195,"Lohr am Main",2015,62.8,85.8,1366.349873,1
195,"Lohr am Main",2016,63,85.4,1354.413514,1
196,"Aschaffenburg",2013,192.2,261.8,1362.032823,3
196,"Aschaffenburg",2014,190.5,259.9,1364.108782,3
196,"Aschaffenburg",2015,190.4,260.3,1367.289057,3
196,"Aschaffenburg",2016,192.5,261.3,1357.322471,3
197,"Donauwörth-Nördlingen",2013,79,110.6,1400.949607,1
197,"Donauwörth-Nördlingen",2014,79.7,112.1,1406.849883,1
197,"Donauwörth-Nördlingen",2015,80.3,113.1,1408.418615,1
197,"Donauwörth-Nördlingen",2016,80.3,112.2,1396.322486,1
198,"Dillingen",2013,44.7,61.9,1384.230288,1
198,"Dillingen",2014,45.1,62.6,1390.079893,1
198,"Dillingen",2015,44.9,62.6,1395.569127,1
198,"Dillingen",2016,45.5,63.2,1388.323925,1
199,"Günzburg",2013,65.8,92.1,1400.133824,1
199,"Günzburg",2014,66.2,92.7,1400.903897,1
199,"Günzburg",2015,66.2,92.9,1403.839763,1
199,"Günzburg",2016,67.5,94.2,1394.458185,1
200,"Augsburg",2013,339,464.2,1369.444002,3
200,"Augsburg",2014,342.5,470.2,1372.81173,3
200,"Augsburg",2015,346.9,476.3,1373.269485,3
200,"Augsburg",2016,351.6,479.1,1362.573166,3
201,"Memmingen",2013,103,145.2,1409.046357,2
201,"Memmingen",2014,104.2,147,1410.85621,2
201,"Memmingen",2015,105.6,149.1,1411.889516,2
201,"Memmingen",2016,106.9,149.9,1402.810655,2
202,"Kaufbeuren",2013,90.1,128.2,1422.837793,2
202,"Kaufbeuren",2014,91,129.7,1426.314574,2
202,"Kaufbeuren",2015,91.6,130.7,1426.907797,2
202,"Kaufbeuren",2016,92.5,130.7,1413.900516,2
203,"Kempten",2013,121.1,169.6,1400.959759,2
203,"Kempten",2014,123,172.4,1402.488715,2
203,"Kempten",2015,124.8,175.1,1402.974788,2
203,"Kempten",2016,126.3,175.9,1392.381917,2
204,"Lindau",2013,41.7,59.1,1418.488565,1
204,"Lindau",2014,42,59.5,1417.518526,1
204,"Lindau",2015,42.6,60.2,1415.211824,1
204,"Lindau",2016,43.4,61,1405.773709,1
205,"Berlin",2013,1784.2,2578,1444.865416,1
205,"Berlin",2014,1818.3,2623.1,1442.649953,1
205,"Berlin",2015,1857.1,2671.8,1438.641741,1
205,"Berlin",2016,1910,2739.8,1434.478783,1
206,"Potsdam-Brandenburg",2013,287.7,415.9,1445.543144,4
206,"Potsdam-Brandenburg",2014,289.7,421.8,1456.122241,4
206,"Potsdam-Brandenburg",2015,289.7,425.1,1467.450209,4
206,"Potsdam-Brandenburg",2016,294.9,428.5,1453.020202,4
207,"Cottbus",2013,158.9,229.9,1447.170643,3
207,"Cottbus",2014,158.5,231,1457.58444,3
207,"Cottbus",2015,157.9,231.1,1463.839625,3
207,"Cottbus",2016,158.1,229.4,1450.258304,3
208,"Frankfurt/Oder",2013,174.2,256.1,1469.789413,3
208,"Frankfurt/Oder",2014,174.5,258.5,1480.953909,3
208,"Frankfurt/Oder",2015,174.5,259.2,1485.702659,3
208,"Frankfurt/Oder",2016,176.7,260.4,1473.816167,3
209,"Eberswalde",2013,65.3,96.2,1473.348233,1
209,"Eberswalde",2014,65.1,96.6,1484.217317,1
209,"Eberswalde",2015,65.5,97.7,1491.999023,1
209,"Eberswalde",2016,66.9,98.9,1477.344731,1
210,"Luckenwalde",2013,143.4,215.8,1504.892422,2
210,"Luckenwalde",2014,144.5,219.2,1516.965225,2
210,"Luckenwalde",2015,146.4,222,1515.705019,2
210,"Luckenwalde",2016,149.8,224.7,1500.05341,2
211,"Finsterwalde",2013,44.7,66,1474.245235,1
211,"Finsterwalde",2014,44.3,65.7,1485.081201,1
211,"Finsterwalde",2015,44.2,65.9,1490.248428,1
211,"Finsterwalde",2016,44.3,65.6,1481.241389,1
212,"Oranienburg",2013,75.1,110.1,1466.711966,1
212,"Oranienburg",2014,74.9,111.1,1483.311973,1
212,"Oranienburg",2015,75.4,112.2,1488.157319,1
212,"Oranienburg",2016,76.1,112.4,1476.218623,1
213,"Neuruppin",2013,45.8,68,1486.290446,1
213,"Neuruppin",2014,45.5,67.8,1489.655172,1
213,"Neuruppin",2015,45.7,68.2,1492.091273,1
213,"Neuruppin",2016,46.1,68.2,1477.721645,1
214,"Perleberg",2013,35.1,52.5,1495.880257,1
214,"Perleberg",2014,34.9,52.5,1503.941974,1
214,"Perleberg",2015,34.8,52.5,1508.316815,1
214,"Perleberg",2016,34.9,52.2,1494.614106,1
215,"Prenzlau",2013,51.7,74.6,1444.659518,1
215,"Prenzlau",2014,50.8,74.2,1460.603199,1
215,"Prenzlau",2015,50.9,74.7,1469.038208,1
215,"Prenzlau",2016,51.2,74.3,1452.946006,1
216,"Rostock",2013,198.6,289,1455.546322,2
216,"Rostock",2014,202.2,295,1459.033743,2
216,"Rostock",2015,204.4,299.4,1464.700385,2
216,"Rostock",2016,205.8,299.7,1455.924217,2
217,"Schwerin",2013,208.8,303.8,1454.603351,3
217,"Schwerin",2014,210.1,306.2,1457.599124,3
217,"Schwerin",2015,210.3,308.1,1465.150557,3
217,"Schwerin",2016,211.7,308.8,1458.604141,3
218,"Mecklenburgische Seenplatte",2013,124.1,182,1466.827814,1
218,"Mecklenburgische Seenplatte",2014,124,182.2,1469,1
218,"Mecklenburgische Seenplatte",2015,122.9,181.3,1475.140728,1
218,"Mecklenburgische Seenplatte",2016,122.5,179.6,1465.493745,1
219,"Nordvorpommern",2013,97.3,144.1,1480.548165,1
219,"Nordvorpommern",2014,98.3,145.8,1484.020356,1
219,"Nordvorpommern",2015,98.5,146.3,1485.091138,1
219,"Nordvorpommern",2016,98.7,145.7,1476.107504,1
220,"Südvorpommern",2013,104.9,152.1,1450.020023,1
220,"Südvorpommern",2014,106.4,155.5,1462.211735,1
220,"Südvorpommern",2015,106.7,156.4,1465.442451,1
220,"Südvorpommern",2016,107.6,156.7,1456.688887,1
221,"Chemnitz",2013,147.3,211.1,1433.683067,1
221,"Chemnitz",2014,146.5,210.6,1437.315317,1
221,"Chemnitz",2015,145.1,209.1,1441.369706,1
221,"Chemnitz",2016,146.3,209.3,1430.423521,1
222,"Erzgebirgskreis",2013,149.6,219.5,1466.790519,1
222,"Erzgebirgskreis",2014,149.9,218.5,1457.53125,1
222,"Erzgebirgskreis",2015,150.1,218.9,1458.157087,1
222,"Erzgebirgskreis",2016,151.5,219.2,1447.233262,1
223,"Mittelsachsen",2013,144.2,212.6,1474.500693,1
223,"Mittelsachsen",2014,143.2,210.8,1472.012958,1
223,"Mittelsachsen",2015,142.4,209.6,1472.381648,1
223,"Mittelsachsen",2016,142.7,208.8,1463.044179,1
224,"Vogtlandkreis",2013,105.2,155.2,1475.553063,1
224,"Vogtlandkreis",2014,105.3,154.9,1470.768062,1
224,"Vogtlandkreis",2015,105.1,154.4,1469.967355,1
224,"Vogtlandkreis",2016,105.8,154.3,1458.681163,1
225,"Zwickau",2013,158.5,232.1,1463.974109,1
225,"Zwickau",2014,158.7,231.7,1460.154015,1
225,"Zwickau",2015,159.2,232.5,1460.852248,1
225,"Zwickau",2016,158.7,230.6,1452.637017,1
226,"Dresden",2013,415.9,610.3,1467.468454,2
226,"Dresden",2014,419.1,612.9,1462.513482,2
226,"Dresden",2015,419.5,612.7,1460.355106,2
226,"Dresden",2016,424.6,614.9,1448.191562,2
227,"Bautzen",2013,141.6,205.3,1450.414624,1
227,"Bautzen",2014,142.3,206.1,1447.835434,1
227,"Bautzen",2015,142,205.3,1445.90284,1
227,"Bautzen",2016,142.4,205.2,1441.795281,1
228,"Görlitz",2013,113,164,1452.137736,1
228,"Görlitz",2014,112.7,162.7,1444.268887,1
228,"Görlitz",2015,112,161.8,1444.334342,1
228,"Görlitz",2016,113.2,162.2,1433.180497,1
229,"Meißen",2013,111.9,166,1483.148276,1
229,"Meißen",2014,112.3,166.5,1482.924179,1
229,"Meißen",2015,112.4,166.5,1480.842622,1
229,"Meißen",2016,112.7,165.5,1469.372176,1
230,"Leipzig",2013,511.6,737.7,1441.934103,3
230,"Leipzig",2014,515.6,744.4,1443.964915,3
230,"Leipzig",2015,513,747.6,1457.424971,3
230,"Leipzig",2016,520.8,754,1447.856778,3
231,"Dessau-Roßlau",2013,43.5,64.4,1480.784711,1
231,"Dessau-Roßlau",2014,42.8,63.4,1481.062906,1
231,"Dessau-Roßlau",2015,42.5,63.1,1485.665192,1
231,"Dessau-Roßlau",2016,42.1,62.2,1476.478686,1
232,"Halle",2013,210.1,303.7,1445.924396,2
232,"Halle",2014,207.8,300.7,1446.78384,2
232,"Halle",2015,208.7,303.8,1455.388286,2
232,"Halle",2016,208.3,301.6,1447.829322,2
233,"Magdeburg",2013,245.8,361.4,1470.242938,3
233,"Magdeburg",2014,246,361.8,1470.946446,3
233,"Magdeburg",2015,244.8,360.7,1473.29875,3
233,"Magdeburg",2016,246.9,361.3,1463.709939,3
234,"Salzwedel",2013,37,53.8,1453.601557,1
234,"Salzwedel",2014,36.7,53.2,1450.903935,1
234,"Salzwedel",2015,36.3,53.1,1462.52653,1
234,"Salzwedel",2016,36.3,52.7,1451.404185,1
235,"Anhalt-Bitterfeld",2013,72.1,107.8,1494.757427,1
235,"Anhalt-Bitterfeld",2014,71,106.3,1497.14865,1
235,"Anhalt-Bitterfeld",2015,69.8,104.6,1498.889892,1
235,"Anhalt-Bitterfeld",2016,69.4,103.1,1486.543756,1
236,"Burgenlandkreis",2013,72.8,107.1,1471.334167,1
236,"Burgenlandkreis",2014,72.7,107.2,1474.422124,1
236,"Burgenlandkreis",2015,73.3,108.1,1475.170917,1
236,"Burgenlandkreis",2016,74,108.3,1463.078544,1
237,"Harz",2013,92.6,136.7,1476.249609,1
237,"Harz",2014,92.5,136.5,1476.319204,1
237,"Harz",2015,92.8,137.4,1480.483101,1
237,"Harz",2016,93,136.8,1471.118804,1
238,"Mansfeld-Südharz",2013,53.7,78.8,1467.189158,1
238,"Mansfeld-Südharz",2014,53,77.6,1463.727099,1
238,"Mansfeld-Südharz",2015,52.1,76.6,1469.337271,1
238,"Mansfeld-Südharz",2016,52.3,76.2,1456.129624,1
239,"Salzlandkreis",2013,81.4,119,1462.351192,1
239,"Salzlandkreis",2014,80.7,118.1,1463.221169,1
239,"Salzlandkreis",2015,79.8,117.3,1470.231457,1
239,"Salzlandkreis",2016,79.8,116.4,1458.92369,1
240,"Stendal",2013,47.7,69.3,1451.325579,1
240,"Stendal",2014,47.7,69.5,1458.432952,1
240,"Stendal",2015,47.6,69.8,1467.594734,1
240,"Stendal",2016,47.5,69.2,1457.903382,1
241,"Wittenberg",2013,53.1,78.6,1478.800881,1
241,"Wittenberg",2014,53.4,78.9,1477.678989,1
241,"Wittenberg",2015,53.1,78.8,1482.913144,1
241,"Wittenberg",2016,53.1,78.1,1470.259278,1
242,"Erfurt",2013,169.8,246.9,1453.904092,2
242,"Erfurt",2014,169.3,247.3,1460.851275,2
242,"Erfurt",2015,170.3,249.9,1467.459479,2
242,"Erfurt",2016,171.3,250.1,1459.931127,2
243,"Gera",2013,90.9,134.6,1480.711676,2
243,"Gera",2014,90.3,133.6,1479.704143,2
243,"Gera",2015,88.9,132.6,1492.432341,2
243,"Gera",2016,88.1,130.1,1476.685996,2
244,"Jena",2013,102.3,149.1,1458.513021,2
244,"Jena",2014,103,150.2,1458.14405,2
244,"Jena",2015,103,150.8,1463.061262,2
244,"Jena",2016,103.5,150.2,1450.363617,2
245,"Suhl",2013,48.5,71.2,1469.623517,2
245,"Suhl",2014,47.6,70.1,1472.473692,2
245,"Suhl",2015,47.6,70.3,1476.535738,2
245,"Suhl",2016,47.4,69.3,1463.695882,2
246,"Weimar",2013,66.9,99.3,1483.559168,2
246,"Weimar",2014,66.2,97.7,1475.895514,2
246,"Weimar",2015,66.6,98.2,1474.396686,2
246,"Weimar",2016,67.1,97.9,1459.184434,2
247,"Eisenach",2013,79.6,118.2,1485.816984,1
247,"Eisenach",2014,80,119.1,1487.575428,1
247,"Eisenach",2015,81.5,120.6,1479.713897,1
247,"Eisenach",2016,81.9,120.1,1467.159257,1
248,"Eichsfeld",2013,47.6,70.3,1475.716535,1
248,"Eichsfeld",2014,47.6,70.5,1482.167252,1
248,"Eichsfeld",2015,47.6,70.7,1485.878793,1
248,"Eichsfeld",2016,48.1,70.6,1467.885519,1
249,"Nordhausen",2013,38.2,56.4,1475.836626,1
249,"Nordhausen",2014,38.6,57,1474.646028,1
249,"Nordhausen",2015,39,57.6,1477.47794,1
249,"Nordhausen",2016,39,57,1461.913561,1
250,"Mühlhausen",2013,44.7,65.7,1470.142074,1
250,"Mühlhausen",2014,44.5,65.5,1471.848239,1
250,"Mühlhausen",2015,45,66.2,1472.347052,1
250,"Mühlhausen",2016,45,65.5,1456.234012,1
251,"Sondershausen",2013,29.5,43.3,1465.909861,1
251,"Sondershausen",2014,29.6,43.4,1464.115801,1
251,"Sondershausen",2015,29.4,43.4,1474.925251,1
251,"Sondershausen",2016,29.2,42.7,1462.699853,1
252,"Meiningen",2013,58.9,86.9,1476.210705,1
252,"Meiningen",2014,59,87.3,1480.095582,1
252,"Meiningen",2015,59.1,87.4,1478.582429,1
252,"Meiningen",2016,59,86.2,1459.663211,1
253,"Gotha",2013,63.1,94.1,1491.749227,1
253,"Gotha",2014,63.2,94.3,1492.227077,1
253,"Gotha",2015,63.1,94.6,1500.261685,1
253,"Gotha",2016,63.1,93.7,1484.246228,1
254,"Arnstadt",2013,50.4,75.1,1489.940875,1
254,"Arnstadt",2014,49.3,73.6,1493.442423,1
254,"Arnstadt",2015,48.7,72.9,1495.763147,1
254,"Arnstadt",2016,49.2,72.9,1481.15394,1
255,"Sonneberg",2013,28,41.9,1496.375647,1
255,"Sonneberg",2014,27.8,41.6,1498.234361,1
255,"Sonneberg",2015,27.6,41.5,1501.520968,1
255,"Sonneberg",2016,27.6,41.1,1488.349374,1
256,"Saalfeld",2013,47.9,71.1,1484.06699,1
256,"Saalfeld",2014,47.5,70.3,1480.229082,1
256,"Saalfeld",2015,47.1,69.8,1483.138188,1
256,"Saalfeld",2016,46.9,68.8,1467.8903,1
257,"Pößneck",2013,40,60,1499.037572,1
257,"Pößneck",2014,39.6,59.3,1499.103105,1
257,"Pößneck",2015,39.1,58.8,1504.577069,1
257,"Pößneck",2016,38.8,57.9,1490.047125,1
258,"Altenburg",2013,37.2,54.8,1472.531312,1
258,"Altenburg",2014,36.9,54,1464.765419,1
258,"Altenburg",2015,36,53.1,1473.83616,1
258,"Altenburg",2016,35.9,52.3,1457.328463,1
